Player,PriPos,Hits,AtBats,PlayerNumber,PriPosNumber
Fernando Abad,Pitcher,1,7,1,1
Bobby Abreu,Left Field,53,219,2,7
Tony Abreu,2nd Base,18,70,3,4
Dustin Ackley,2nd Base,137,607,4,4
Matt Adams,1st Base,21,86,5,3
Nathan Adcock,Pitcher,0,1,6,1
Jeremy Affeldt,Pitcher,0,1,7,1
Brandon Allen,1st Base,2,20,8,3
Yonder Alonso,1st Base,150,549,9,3
Jose Altuve,2nd Base,167,576,10,4
Henderson Alvarez,Pitcher,0,1,11,1
Pedro Alvarez,3rd Base,128,525,12,5
Alexi Amarista,2nd Base,66,275,13,4
Bryan Anderson,Catcher,3,12,14,2
Lars Anderson,Left Field,1,8,15,7
Robert Andino,2nd Base,81,384,16,4
Elvis Andrus,Shortstop,180,629,17,6
Rick Ankiel,Center Field,36,158,18,8
Norichika Aoki,Right Field,150,520,19,9
Chris Archer,Pitcher,0,3,20,1
J.P. Arencibia,Catcher,81,347,21,2
Joaquin Arias,3rd Base,86,319,22,5
Jake Arrieta,Pitcher,0,3,23,1
Bronson Arroyo,Pitcher,9,63,24,1
Xavier Avery,Left Field,21,94,25,7
Alex Avila,Catcher,89,367,26,2
Luis Avilan,Pitcher,1,3,27,1
Mike Aviles,Shortstop,128,512,28,6
John Axford,Pitcher,0,1,29,1
Erick Aybar,Shortstop,150,517,30,6
Burke Badenhop,Pitcher,0,1,31,1
Homer Bailey,Pitcher,8,70,32,1
Jeff Baker,Right Field,45,188,33,9
John Baker,Catcher,46,193,34,2
Grant Balfour,Pitcher,0,1,35,1
Rod Barajas,Catcher,66,321,36,2
Daniel Bard,Pitcher,0,2,37,1
Clint Barmes,Shortstop,104,455,38,6
Brandon Barnes,Center Field,20,98,39,8
Darwin Barney,2nd Base,139,548,40,4
Jason Bartlett,Shortstop,11,83,41,6
Daric Barton,1st Base,23,113,42,3
Anthony Bass,Pitcher,4,31,43,1
Miguel Batista,Pitcher,0,6,44,1
Trevor Bauer,Pitcher,0,4,45,1
Jose Bautista,Right Field,80,332,46,9
Mike Baxter,Right Field,47,179,47,9
Jason Bay,Left Field,32,194,48,7
Brandon Beachy,Pitcher,5,27,49,1
Blake Beavan,Pitcher,0,2,50,1
Josh Beckett,Pitcher,1,21,51,1
Gordon Beckham,2nd Base,123,525,52,4
Erik Bedard,Pitcher,4,37,53,1
Matt Belisle,Pitcher,0,3,54,1
Josh Bell,3rd Base,9,52,55,5
Duane Below,Pitcher,0,1,56,1
Brandon Belt,1st Base,113,411,57,3
Carlos Beltran,Right Field,147,547,58,9
Adrian Beltre,3rd Base,194,604,59,5
Brad Bergesen,Pitcher,0,1,60,1
Jason Berken,Pitcher,0,5,61,1
Lance Berkman,1st Base,21,81,62,3
Roger Bernadina,Left Field,66,227,63,7
Quintin Berry,Left Field,75,291,64,7
Yuniesky Betancourt,2nd Base,49,215,65,4
Wilson Betemit,3rd Base,89,341,66,5
Jeff Bianchi,Shortstop,13,69,67,6
Chad Billingsley,Pitcher,8,42,68,1
Brian Bixler,Right Field,17,88,69,9
Nick Blackburn,Pitcher,0,2,70,1
Travis Blackley,Pitcher,0,2,71,1
Charlie Blackmon,Right Field,32,113,72,9
Gregor Blanco,Right Field,96,393,73,9
Henry Blanco,Catcher,12,64,74,2
Kyle Blanks,1st Base,1,5,75,3
Joe Blanton,Pitcher,4,55,76,1
Willie Bloomquist,Shortstop,98,324,77,6
Geoff Blum,3rd Base,4,28,78,5
Brennan Boesch,Right Field,113,470,79,9
Brian Bogusevic,Right Field,72,355,80,9
Emilio Bonifacio,Center Field,63,244,81,8
J.C. Boscan,Catcher,2,10,82,2
Jason Bourgeois,Center Field,16,62,83,8
Peter Bourjos,Center Field,37,168,84,8
Michael Bourn,Center Field,171,624,85,8
Michael Bowden,Pitcher,0,2,86,1
Brad Boxberger,Pitcher,0,1,87,1
Michael Brantley,Center Field,159,552,88,8
Rob Brantly,Catcher,29,100,89,2
Ryan Braun,Left Field,191,598,90,7
Craig Breslow,Pitcher,0,3,91,1
Reid Brignac,Shortstop,2,21,92,6
Rex Brothers,Pitcher,0,2,93,1
Andrew Brown,Right Field,26,112,94,9
Corey Brown,Left Field,5,25,95,7
Domonic Brown,Right Field,44,187,96,9
Barret Browning,Pitcher,0,1,97,1
Jay Bruce,Right Field,141,560,98,9
Clay Buchholz,Pitcher,0,2,99,1
John Buck,Catcher,66,343,100,2
Travis Buck,Left Field,16,74,101,7
Mark Buehrle,Pitcher,3,67,102,1
Madison Bumgarner,Pitcher,11,68,103,1
A.J. Burnett,Pitcher,4,63,104,1
Cory Burns,Pitcher,0,1,105,1
Emmanuel Burriss,2nd Base,29,136,106,4
Sean Burroughs,3rd Base,2,17,107,5
Drew Butera,Catcher,22,111,108,2
Billy Butler,1st Base,192,614,109,3
Marlon Byrd,Center Field,30,143,110,8
Asdrubal Cabrera,Shortstop,150,555,111,6
Edwar Cabrera,Pitcher,0,1,112,1
Everth Cabrera,Shortstop,98,398,113,6
Melky Cabrera,Left Field,159,459,114,7
Miguel Cabrera,3rd Base,205,622,115,5
Trevor Cahill,Pitcher,8,67,116,1
Lorenzo Cain,Center Field,59,222,117,8
Matt Cain,Pitcher,13,74,118,1
Miguel Cairo,1st Base,28,150,119,3
Kole Calhoun,Right Field,4,23,120,9
Alberto Callaspo,3rd Base,115,457,121,5
Tony Campana,Center Field,46,174,122,8
Robinson Cano,2nd Base,196,627,123,4
Russ Canzler,Left Field,25,93,124,7
Chris Capuano,Pitcher,5,54,125,1
Adrian Cardenas,2nd Base,11,60,126,4
Luke Carlin,Catcher,3,14,127,2
Mike Carp,Left Field,35,164,128,7
Chris Carpenter,Pitcher,1,6,129,1
David Carpenter,Pitcher,1,2,130,1
Matt Carpenter,1st Base,87,296,131,3
Joel Carreno,Pitcher,0,1,132,1
Ezequiel Carrera,Left Field,40,147,133,7
Brett Carroll,Center Field,0,2,134,8
Jamey Carroll,2nd Base,126,470,135,4
Matt Carson,Left Field,15,66,136,7
Chris Carter,1st Base,52,218,137,3
Andrew Cashner,Pitcher,1,7,138,1
Alexi Casilla,2nd Base,72,299,139,4
Santiago Casilla,Pitcher,1,3,140,1
Alex Castellanos,Left Field,4,23,141,7
Welington Castillo,Catcher,45,170,142,2
Jason Castro,Catcher,66,257,143,2
Starlin Castro,Shortstop,183,646,144,6
Brett Cecil,Pitcher,0,2,145,1
Ronny Cedeno,2nd Base,43,166,146,4
Xavier Cedeno,Pitcher,0,1,147,1
Francisco Cervelli,Catcher,0,1,148,2
Yoenis Cespedes,Left Field,142,487,149,7
Jhoulys Chacin,Pitcher,7,24,150,1
Adron Chambers,Center Field,12,54,151,8
Tyler Chatwood,Pitcher,4,16,152,1
Endy Chavez,Left Field,32,158,153,7
Eric Chavez,3rd Base,78,278,154,5
Jesse Chavez,Pitcher,0,2,155,1
Bruce Chen,Pitcher,1,5,156,1
WeiYin Chen,Pitcher,0,3,157,1
Lonnie Chisenhall,3rd Base,38,142,158,5
ShinSoo Choo,Right Field,169,598,159,9
Justin Christian,Left Field,7,56,160,7
Tony Cingrani,Pitcher,0,1,161,1
Pedro Ciriaco,3rd Base,76,259,162,5
Steve Cishek,Pitcher,0,1,163,1
Jeff Clement,1st Base,3,22,164,3
Maikel Cleto,Pitcher,0,1,165,1
Steve Clevenger,Catcher,40,199,166,2
Tyler Cloyd,Pitcher,1,11,167,1
Chris Coghlan,Left Field,13,93,168,7
Casey Coleman,Pitcher,1,3,169,1
Tim Collins,Pitcher,0,1,170,1
Josh Collmenter,Pitcher,1,16,171,1
Bartolo Colon,Pitcher,0,4,172,1
Roman Colon,Pitcher,0,1,173,1
Tyler Colvin,Right Field,122,420,174,9
Hank Conger,Catcher,3,18,175,2
Brooks Conrad,3rd Base,13,98,176,5
Jose Constanza,Left Field,19,76,177,7
David Cooper,1st Base,42,140,178,3
Patrick Corbin,Pitcher,4,36,179,1
Manuel Corpas,Pitcher,0,1,180,1
Carlos Corporan,Catcher,21,78,181,2
Kevin Correia,Pitcher,5,47,182,1
Mike Costanzo,1st Base,1,18,183,3
Scott Cousins,Center Field,14,86,184,8
Collin Cowgill,Left Field,28,104,185,7
Zack Cozart,Shortstop,138,561,186,6
Allen Craig,1st Base,144,469,187,3
Brandon Crawford,Shortstop,108,435,188,6
Carl Crawford,Left Field,33,117,189,7
Coco Crisp,Center Field,118,455,190,8
Luis Cruz,3rd Base,84,283,191,5
Nelson Cruz,Right Field,152,585,192,9
Rhiner Cruz,Pitcher,0,1,193,1
Tony Cruz,Catcher,32,126,194,2
Michael Cuddyer,Right Field,93,358,195,9
Johnny Cueto,Pitcher,6,67,196,1
Charlie Culberson,2nd Base,3,22,197,4
Aaron Cunningham,Left Field,17,97,198,7
Chase dArnaud,2nd Base,0,6,199,4
Johnny Damon,Left Field,46,207,200,7
John Danks,Pitcher,0,3,201,1
Jordan Danks,Left Field,15,67,202,7
James Darnell,Left Field,4,17,203,7
Yu Darvish,Pitcher,1,3,204,1
Chris Davis,1st Base,139,515,205,3
Ike Davis,1st Base,118,519,206,3
Rajai Davis,Left Field,115,447,207,7
Wade Davis,Pitcher,1,2,208,1
Alejandro De Aza,Center Field,147,524,209,8
Ivan De Jesus,2nd Base,9,41,210,4
Jorge De La Rosa,Pitcher,2,5,211,1
David DeJesus,Right Field,133,506,212,9
Randall Delgado,Pitcher,6,25,213,1
Ryan Dempster,Pitcher,3,32,214,1
Chris Denorfia,Right Field,102,348,215,9
Mark DeRosa,3rd Base,16,85,216,5
Daniel Descalso,2nd Base,85,374,217,4
Ian Desmond,Shortstop,150,513,218,6
Ross Detwiler,Pitcher,2,45,219,1
Blake DeWitt,2nd Base,4,29,220,4
Scott Diamond,Pitcher,1,7,221,1
Juan Diaz,Shortstop,4,15,222,6
Matt Diaz,Left Field,24,108,223,7
Chris Dickerson,Left Field,4,14,224,7
R.A. Dickey,Pitcher,11,72,225,1
Brandon Dickson,Pitcher,1,2,226,1
Andy Dirks,Left Field,101,314,227,7
Greg Dobbs,3rd Base,91,319,228,5
Matt Dominguez,3rd Base,31,109,229,5
Jason Donald,3rd Base,25,124,230,5
Josh Donaldson,3rd Base,66,274,231,5
Felix Doubront,Pitcher,0,1,232,1
Ryan Doumit,Catcher,133,484,233,2
Matt Downs,1st Base,36,178,234,3
Brian Dozier,Shortstop,74,316,235,6
Kyle Drabek,Pitcher,0,2,236,1
Stephen Drew,Shortstop,64,287,237,6
Lucas Duda,Right Field,96,401,238,9
Brian Duensing,Pitcher,0,1,239,1
Zach Duke,Pitcher,0,1,240,1
Shelley Duncan,Left Field,47,232,241,7
Adam Dunn,1st Base,110,539,242,3
Mike Dunn,Pitcher,0,1,243,1
Jarrod Dyson,Center Field,76,292,244,8
Adam Eaton,Center Field,22,85,245,8
Steve Edlefsen,Pitcher,0,1,246,1
A.J. Ellis,Catcher,114,423,247,2
Mark Ellis,2nd Base,107,415,248,4
Jacoby Ellsbury,Center Field,82,303,249,8
Jake Elmore,Shortstop,13,68,250,6
Edwin Encarnacion,1st Base,152,542,251,3
Nathan Eovaldi,Pitcher,3,32,252,1
Alcides Escobar,Shortstop,177,605,253,6
Eduardo Escobar,3rd Base,28,131,254,5
Yunel Escobar,Shortstop,141,558,255,6
Danny Espinosa,2nd Base,147,594,256,4
Marco Estrada,Pitcher,4,40,257,1
Andre Ethier,Right Field,158,556,258,9
Luis Exposito,Catcher,1,18,259,2
Irving Falu,2nd Base,29,85,260,4
Jeurys Familia,Pitcher,0,1,261,1
Eric Farris,2nd Base,1,8,262,4
Tim Federowicz,Catcher,1,3,263,2
Scott Feldman,Pitcher,1,4,264,1
Neftali Feliz,Pitcher,0,2,265,1
Thomas Field,2nd Base,0,2,266,4
Prince Fielder,1st Base,182,581,267,3
Mike Fiers,Pitcher,3,32,268,1
Stephen Fife,Pitcher,2,7,269,1
Chone Figgins,Left Field,30,166,270,7
Doug Fister,Pitcher,0,2,271,1
Ryan Flaherty,2nd Base,33,153,272,4
Jesus Flores,Catcher,59,277,273,2
Pedro Florimon,Shortstop,30,137,274,6
Tyler Flowers,Catcher,29,136,275,2
Gavin Floyd,Pitcher,0,1,276,1
Mike Fontenot,2nd Base,28,97,277,4
Lew Ford,Left Field,13,71,278,7
Logan Forsythe,2nd Base,86,315,279,4
Dexter Fowler,Center Field,136,454,280,8
Jeff Francis,Pitcher,2,31,281,1
Ben Francisco,Right Field,46,192,282,9
Juan Francisco,3rd Base,45,192,283,5
Jeff Francoeur,Right Field,132,561,284,9
Kevin Frandsen,3rd Base,66,195,285,5
Todd Frazier,3rd Base,115,422,286,5
Freddie Freeman,1st Base,140,540,287,3
David Freese,3rd Base,147,501,288,5
Christian Friedrich,Pitcher,2,25,289,1
Eric Fryer,Left Field,1,4,290,7
Kosuke Fukudome,Left Field,7,41,291,7
Sam Fuld,Right Field,25,98,292,9
Rafael Furcal,Shortstop,126,477,293,6
Armando Galarraga,Pitcher,0,8,294,1
Yovani Gallardo,Pitcher,11,67,295,1
Freddy Galvis,2nd Base,43,190,296,4
Mat Gamel,1st Base,17,69,297,3
Avisail Garcia,Right Field,15,47,298,9
Freddy Garcia,Pitcher,0,1,299,1
Jaime Garcia,Pitcher,10,40,300,1
Brett Gardner,Left Field,10,31,301,7
Matt Garza,Pitcher,2,30,302,1
Chad Gaudin,Pitcher,0,8,303,1
Dillon Gee,Pitcher,4,27,304,1
Craig Gentry,Center Field,73,240,305,8
Justin Germano,Pitcher,1,17,306,1
Chris Getz,2nd Base,52,189,307,4
Jason Giambi,1st Base,20,89,308,3
Johnny Giavotella,2nd Base,43,181,309,4
Conor Gillaspie,3rd Base,3,20,310,5
Chris Gimenez,Catcher,26,100,311,2
Hector Gimenez,Catcher,5,11,312,2
Paul Goldschmidt,1st Base,147,514,313,3
Brandon Gomes,Pitcher,0,1,314,1
Jonny Gomes,Left Field,73,279,315,7
Yan Gomes,1st Base,20,98,316,3
Carlos Gomez,Center Field,108,415,317,8
Jeanmar Gomez,Pitcher,1,4,318,1
Mauro Gomez,1st Base,28,102,319,3
Adrian Gonzalez,1st Base,188,629,320,3
Alberto Gonzalez,Shortstop,13,54,321,6
Alex Gonzalez,Shortstop,21,81,322,6
Carlos Gonzalez,Left Field,157,518,323,7
Edgar Gonzalez,Pitcher,1,9,324,1
Gio Gonzalez,Pitcher,6,64,325,1
Marwin Gonzalez,Shortstop,48,205,326,6
Alex Gordon,Left Field,189,642,327,7
Dee Gordon,Shortstop,69,303,328,6
Tom Gorzelanny,Pitcher,2,6,329,1
Anthony Gose,Right Field,37,166,330,9
Tyler Graham,Center Field,0,2,331,8
Yasmani Grandal,Catcher,57,192,332,2
Curtis Granderson,Center Field,138,596,333,8
Nick Green,3rd Base,4,23,334,5
Taylor Green,1st Base,19,103,335,3
Tyler Greene,2nd Base,70,305,336,4
Luke Gregerson,Pitcher,0,1,337,1
Didi Gregorius,Shortstop,6,20,338,6
Zack Greinke,Pitcher,7,33,339,1
Jeremy Guthrie,Pitcher,2,25,340,1
Franklin Gutierrez,Center Field,39,150,341,8
Brandon Guyer,Left Field,1,7,342,7
Jesus Guzman,Left Field,71,287,343,7
Tony Gwynn,Center Field,60,259,344,8
Eric Hacker,Pitcher,0,3,345,1
Matt Hague,1st Base,16,70,346,3
Jerry Hairston,3rd Base,65,238,347,5
Scott Hairston,Left Field,99,377,348,7
Bill Hall,Left Field,2,9,349,7
Roy Halladay,Pitcher,9,53,350,1
Cole Hamels,Pitcher,15,69,351,1
Josh Hamilton,Center Field,160,562,352,8
Jason Hammel,Pitcher,0,4,353,1
Justin Hampson,Pitcher,0,1,354,1
Brad Hand,Pitcher,0,1,355,1
Ryan Hanigan,Catcher,87,317,356,2
Jack Hannahan,3rd Base,70,287,357,5
Tommy Hanson,Pitcher,1,49,358,1
J.A. Happ,Pitcher,3,32,359,1
Aaron Harang,Pitcher,4,56,360,1
J.J. Hardy,Shortstop,158,663,361,6
Dan Haren,Pitcher,0,4,362,1
Bryce Harper,Center Field,144,533,363,8
Lucas Harrell,Pitcher,9,59,364,1
Willie Harris,2nd Base,5,44,365,4
Josh Harrison,2nd Base,58,249,366,4
Matt Harrison,Pitcher,0,5,367,1
Corey Hart,1st Base,152,562,368,3
Matt Harvey,Pitcher,6,18,369,1
Chris Hatcher,Pitcher,0,1,370,1
Brett Hayes,Catcher,23,114,371,2
Chase Headley,3rd Base,173,604,372,5
Adeiny Hechavarria,3rd Base,32,126,373,5
Jeremy Hefner,Pitcher,2,20,374,1
Chris Heisey,Left Field,92,347,375,7
Jeremy Hellickson,Pitcher,0,1,376,1
Todd Helton,1st Base,57,240,377,3
Liam Hendriks,Pitcher,0,2,378,1
Clay Hensley,Pitcher,0,1,379,1
Jeremy Hermida,Right Field,6,24,380,9
David Hernandez,Pitcher,1,1,381,1
Felix Hernandez,Pitcher,1,3,382,1
Gorkys Hernandez,Center Field,30,156,383,8
Livan Hernandez,Pitcher,0,4,384,1
Luis Hernandez,3rd Base,0,2,385,5
Ramon Hernandez,Catcher,40,184,386,2
David Herndon,Pitcher,0,1,387,1
Elian Herrera,Left Field,47,187,388,7
Jonathan Herrera,Shortstop,59,225,389,6
Chris Herrmann,Catcher,1,18,390,2
John Hester,Catcher,18,85,391,2
Jason Heyward,Right Field,158,587,392,9
Brandon Hicks,Shortstop,11,64,393,6
Aaron Hill,2nd Base,184,609,394,4
Koyie Hill,Catcher,7,39,395,2
Steven Hill,1st Base,2,10,396,3
Alex Hinshaw,Pitcher,0,1,397,1
Eric Hinske,1st Base,26,132,398,3
Luke Hochevar,Pitcher,1,5,399,1
L.J. Hoes,Left Field,0,1,400,7
Bryan Holaday,Catcher,3,12,401,2
Derek Holland,Pitcher,0,2,402,1
Matt Holliday,Left Field,177,599,403,7
Brock Holt,2nd Base,19,65,404,4
Eric Hosmer,1st Base,124,535,405,3
Ryan Howard,1st Base,57,260,406,3
Daniel Hudson,Pitcher,2,13,407,1
Orlando Hudson,2nd Base,53,260,408,4
Tim Hudson,Pitcher,12,55,409,1
Aubrey Huff,1st Base,15,78,410,3
Jared Hughes,Pitcher,0,1,411,1
Luke Hughes,3rd Base,3,23,412,5
Phil Hughes,Pitcher,0,2,413,1
Philip Humber,Pitcher,1,5,414,1
Nick Hundley,Catcher,32,204,415,2
Tommy Hunter,Pitcher,0,2,416,1
Torii Hunter,Right Field,167,534,417,9
Drew Hutchison,Pitcher,0,2,418,1
Chris Iannetta,Catcher,53,221,419,2
Raul Ibanez,Left Field,92,384,420,7
Jose Iglesias,Shortstop,8,68,421,6
Omar Infante,2nd Base,152,554,422,4
Brandon Inge,3rd Base,66,303,423,5
Travis Ishikawa,1st Base,39,152,424,3
Cesar Izturis,Shortstop,40,166,425,6
Maicer Izturis,3rd Base,74,289,426,5
Austin Jackson,Center Field,163,543,427,8
Brett Jackson,Center Field,21,120,428,8
Edwin Jackson,Pitcher,13,57,429,1
Ryan Jackson,2nd Base,2,17,430,4
Mike Jacobs,1st Base,4,19,431,3
Paul Janish,Shortstop,31,167,432,6
John Jaso,Catcher,81,294,433,2
Jon Jay,Center Field,135,443,434,8
Dan Jennings,Pitcher,0,1,435,1
Desmond Jennings,Left Field,124,505,436,7
Derek Jeter,Shortstop,216,683,437,6
Ubaldo Jimenez,Pitcher,0,5,438,1
Chris Johnson,3rd Base,137,488,439,5
Dan Johnson,1st Base,8,22,440,3
Elliot Johnson,Shortstop,72,297,441,6
Josh Johnson,Pitcher,5,53,442,1
Kelly Johnson,2nd Base,114,507,443,4
Nick Johnson,1st Base,18,87,444,3
Reed Johnson,Left Field,78,269,445,7
Rob Johnson,Catcher,13,52,446,2
Adam Jones,Center Field,186,648,447,8
Andruw Jones,Left Field,46,233,448,7
Chipper Jones,3rd Base,111,387,449,5
Garrett Jones,1st Base,130,475,450,3
Matthew Joyce,Right Field,96,399,451,9
Jair Jurrjens,Pitcher,1,13,452,1
Kila Kaaihue,1st Base,30,128,453,3
Ryan Kalish,Center Field,22,96,454,8
Jeff Karstens,Pitcher,3,28,455,1
Munenori Kawasaki,Shortstop,20,104,456,6
Austin Kearns,Left Field,36,147,457,7
Casey Kelly,Pitcher,2,10,458,1
Don Kelly,Right Field,21,113,459,9
Joe Kelly,Pitcher,5,33,460,1
Matt Kemp,Center Field,122,403,461,8
Howie Kendrick,2nd Base,158,550,462,4
Kyle Kendrick,Pitcher,5,36,463,1
Adam Kennedy,3rd Base,44,168,464,5
Ian Kennedy,Pitcher,4,51,465,1
Jeff Keppinger,3rd Base,125,385,466,5
Clayton Kershaw,Pitcher,12,58,467,1
Dallas Keuchel,Pitcher,2,20,468,1
Ian Kinsler,2nd Base,168,655,469,4
Jason Kipnis,2nd Base,152,591,470,4
Tom Koehler,Pitcher,0,1,471,1
Erik Komatsu,Right Field,11,51,472,9
Paul Konerko,1st Base,159,533,473,3
George Kontos,Pitcher,0,1,474,1
Casey Kotchman,1st Base,106,463,475,3
Mark Kotsay,Left Field,37,143,476,7
George Kottaras,Catcher,36,171,477,2
Pete Kozma,Shortstop,24,72,478,6
Erik Kratz,Catcher,35,141,479,2
Jason Kubel,Left Field,128,506,480,7
Hiroki Kuroda,Pitcher,0,2,481,1
Aaron Laffey,Pitcher,0,1,482,1
Bryan LaHair,1st Base,88,340,483,3
Brandon Laird,3rd Base,9,35,484,5
Gerald Laird,Catcher,49,174,485,2
Blake Lalli,Catcher,2,15,486,2
Ryan Langerhans,Left Field,0,1,487,7
John Lannan,Pitcher,1,9,488,1
Matt LaPorta,1st Base,14,58,489,3
Adam LaRoche,1st Base,155,571,490,3
Mat Latos,Pitcher,12,65,491,1
Ryan Lavarnway,Catcher,24,153,492,2
Brett Lawrie,3rd Base,135,494,493,5
Mike Leake,Pitcher,18,61,494,1
Wade LeBlanc,Pitcher,1,12,495,1
Sam LeCure,Pitcher,0,1,496,1
Carlos Lee,1st Base,145,550,497,3
Cliff Lee,Pitcher,10,64,498,1
DJ LeMahieu,2nd Base,68,229,499,4
Sandy Leon,Catcher,8,30,500,2
Chris Leroux,Pitcher,0,1,501,1
Steven Lerud,Catcher,2,10,502,2
Jon Lester,Pitcher,0,5,503,1
Colby Lewis,Pitcher,2,4,504,1
Fred Lewis,Left Field,3,20,505,7
Alex Liddi,3rd Base,26,116,506,5
Brent Lillibridge,1st Base,37,190,507,3
Ted Lilly,Pitcher,1,15,508,1
CheHsuan Lin,Right Field,3,12,509,9
Tim Lincecum,Pitcher,4,45,510,1
Brad Lincoln,Pitcher,2,10,511,1
Adam Lind,1st Base,82,321,512,3
Francisco Liriano,Pitcher,0,3,513,1
Jose Lobaton,Catcher,37,167,514,2
Jeff Locke,Pitcher,1,11,515,1
Kyle Lohse,Pitcher,6,64,516,1
Steve Lombardozzi,2nd Base,105,384,517,4
James Loney,1st Base,108,434,518,3
Evan Longoria,3rd Base,79,273,519,5
Jose Lopez,3rd Base,58,236,520,5
David Lough,Center Field,14,59,521,8
Aaron Loup,Pitcher,0,1,522,1
Shane Loux,Pitcher,0,1,523,1
Derek Lowe,Pitcher,2,4,524,1
Jed Lowrie,Shortstop,83,340,525,6
Jonathan Lucroy,Catcher,101,316,526,2
Ryan Ludwick,Left Field,116,422,527,7
Cory Luebke,Pitcher,0,11,528,1
Hector Luna,1st Base,14,62,529,3
Zach Lutz,1st Base,1,11,530,3
Jordan Lyles,Pitcher,6,38,531,1
Lance Lynn,Pitcher,3,50,532,1
Manny Machado,3rd Base,50,191,533,5
Paul Maholm,Pitcher,4,63,534,1
Joe Mahoney,1st Base,0,4,535,3
Mitch Maier,Center Field,11,64,536,8
Scott Maine,Pitcher,0,2,537,1
Carlos Maldonado,Catcher,0,9,538,2
Martin Maldonado,Catcher,62,233,539,2
Shaun Marcum,Pitcher,4,38,540,1
Nick Markakis,Right Field,125,420,541,9
Jason Marquis,Pitcher,9,32,542,1
Lou Marson,Catcher,44,195,543,2
Luis Marte,Pitcher,0,1,544,1
Starling Marte,Left Field,43,167,545,7
Leonys Martin,Center Field,8,46,546,8
Russell Martin,Catcher,89,422,547,2
Cristhian Martinez,Pitcher,0,3,548,1
Fernando Martinez,Left Field,28,118,549,7
J.D. Martinez,Left Field,95,395,550,7
Luis Martinez,Catcher,2,18,551,2
Michael Martinez,2nd Base,20,115,552,4
Justin Masterson,Pitcher,0,2,553,1
Darin Mastroianni,Right Field,41,163,554,9
Joe Mather,Center Field,47,225,555,8
Jeff Mathis,Catcher,46,211,556,2
Hideki Matsui,Left Field,14,95,557,7
Daisuke Matsuzaka,Pitcher,0,2,558,1
Ryan Mattheus,Pitcher,0,1,559,1
Kevin Mattison,Left Field,0,5,560,7
Brian Matusz,Pitcher,1,4,561,1
Joe Mauer,Catcher,174,545,562,2
Justin Maxwell,Center Field,72,315,563,8
John Mayberry,Left Field,108,441,564,7
Cameron Maybin,Center Field,123,507,565,8
Edwin Maysonet,Shortstop,15,60,566,6
Vin Mazzaro,Pitcher,2,4,567,1
Matt McBride,Right Field,16,78,568,9
Brian McCann,Catcher,101,439,569,2
Kyle McClellan,Pitcher,0,1,570,1
Mike McClendon,Pitcher,0,2,571,1
Mike McCoy,2nd Base,9,52,572,4
Andrew McCutchen,Center Field,194,593,573,8
Darnell McDonald,Left Field,18,88,574,7
James McDonald,Pitcher,7,49,575,1
John McDonald,Shortstop,49,197,576,6
Casey McGehee,1st Base,69,318,577,3
Collin McHugh,Pitcher,0,4,578,1
Michael McKenry,Catcher,56,240,579,2
Nate McLouth,Left Field,64,266,580,7
Kyle McPherson,Pitcher,0,5,581,1
Kris Medlen,Pitcher,4,33,582,1
Jenrry Mejia,Pitcher,0,3,583,1
Luis Mendoza,Pitcher,0,2,584,1
Jordy Mercer,Shortstop,13,62,585,6
Melky Mesa,Center Field,1,2,586,8
Devin Mesoraco,Catcher,35,165,587,2
Will Middlebrooks,3rd Base,77,267,588,5
Jose Mijares,Pitcher,0,1,589,1
Miles Mikolas,Pitcher,0,3,590,1
Wade Miley,Pitcher,11,65,591,1
Shelby Miller,Pitcher,2,3,592,1
Kevin Millwood,Pitcher,0,5,593,1
Tommy Milone,Pitcher,1,5,594,1
Mike Minor,Pitcher,4,55,595,1
Jose Molina,Catcher,56,251,596,2
Yadier Molina,Catcher,159,505,597,2
Jesus Montero,Catcher,134,515,598,2
Miguel Montero,Catcher,139,486,599,2
Adam Moore,Catcher,2,11,600,2
Matt Moore,Pitcher,0,4,601,1
Scott Moore,3rd Base,52,201,602,5
Tyler Moore,Left Field,41,156,603,7
Franklin Morales,Pitcher,1,2,604,1
Kendrys Morales,1st Base,132,484,605,3
Brent Morel,3rd Base,20,113,606,5
Mitch Moreland,1st Base,90,327,607,3
Nyjer Morgan,Center Field,69,289,608,8
Justin Morneau,1st Base,135,505,609,3
Logan Morrison,Left Field,68,296,610,7
Mike Morse,Left Field,118,406,611,7
Clayton Mortensen,Pitcher,0,1,612,1
Charlie Morton,Pitcher,0,13,613,1
Guillermo Moscoso,Pitcher,2,11,614,1
Dustin Moseley,Pitcher,0,1,615,1
Brandon Moss,1st Base,77,265,616,3
Mike Moustakas,3rd Base,136,563,617,5
Jamie Moyer,Pitcher,2,13,618,1
Daniel Murphy,2nd Base,166,571,619,4
David Murphy,Left Field,139,457,620,7
Donnie Murphy,3rd Base,25,116,621,5
Xavier Nady,Left Field,28,152,622,7
Mike Napoli,Catcher,80,352,623,2
Chris Narveson,Pitcher,0,3,624,1
Daniel Nava,Left Field,65,267,625,7
Dioner Navarro,Catcher,20,69,626,2
Yamaico Navarro,Left Field,8,50,627,7
Thomas Neal,Left Field,5,23,628,7
Kristopher Negron,Center Field,1,4,629,8
Chris Nelson,3rd Base,104,345,630,5
Juan Nicasio,Pitcher,2,18,631,1
Mike Nickeas,Catcher,19,109,632,2
Jonathon Niese,Pitcher,12,55,633,1
Kirk Nieuwenhuis,Center Field,71,282,634,8
Wil Nieves,Catcher,25,83,635,2
Tsuyoshi Nishioka,2nd Base,0,12,636,4
Jayson Nix,3rd Base,43,177,637,5
Laynce Nix,Left Field,28,114,638,7
Hector Noesi,Pitcher,2,4,639,1
Ricky Nolasco,Pitcher,9,56,640,1
Bud Norris,Pitcher,5,50,641,1
Derek Norris,Catcher,42,209,642,2
Ivan Nova,Pitcher,1,7,643,1
Eduardo Nunez,Shortstop,26,89,644,6
Alexi Ogando,Pitcher,1,2,645,1
Ross Ohlendorf,Pitcher,1,16,646,1
Miguel Olivo,Catcher,70,315,647,2
Ray Olmedo,3rd Base,10,41,648,5
Mike Olt,1st Base,5,33,649,3
Pete Orr,2nd Base,17,54,650,4
Rafael Ortega,Center Field,2,4,651,8
David Ortiz,1st Base,103,324,652,3
Dan Otero,Pitcher,0,1,653,1
Adam Ottavino,Pitcher,1,9,654,1
Josh Outman,Pitcher,1,12,655,1
Lyle Overbay,1st Base,30,116,656,3
Micah Owings,Pitcher,0,2,657,1
Jordan Pacheco,3rd Base,147,475,658,5
Vicente Padilla,Pitcher,0,1,659,1
Angel Pagan,Center Field,174,605,660,8
Jimmy Paredes,Right Field,14,74,661,9
Jarrod Parker,Pitcher,0,6,662,1
Chris Parmelee,1st Base,44,192,663,3
Gerardo Parra,Center Field,105,385,664,8
Manny Parra,Pitcher,0,1,665,1
Andy Parrino,Shortstop,24,116,666,6
Tyler Pastornicky,Shortstop,41,169,667,6
Xavier Paul,Left Field,27,86,668,7
Ronny Paulino,Catcher,16,63,669,2
Carl Pavano,Pitcher,0,2,670,1
Steve Pearce,Left Field,38,159,671,7
Jake Peavy,Pitcher,0,5,672,1
Dustin Pedroia,2nd Base,163,563,673,4
Carlos Peguero,Right Field,10,56,674,9
Francisco Peguero,Left Field,3,16,675,7
Mike Pelfrey,Pitcher,1,6,676,1
Brayan Pena,Catcher,50,212,677,2
Carlos Pena,1st Base,98,497,678,3
Ramiro Pena,Shortstop,1,4,679,6
Hunter Pence,Right Field,156,617,680,9
Cliff Pennington,Shortstop,90,418,681,6
Brad Penny,Pitcher,0,1,682,1
Jhonny Peralta,Shortstop,127,531,683,6
Wily Peralta,Pitcher,1,11,684,1
Eury Perez,Center Field,1,5,685,8
Hernan Perez,2nd Base,1,2,686,4
Juan Perez,Pitcher,0,1,687,1
Salvador Perez,Catcher,87,289,688,2
Bryan Petersen,Left Field,47,241,689,7
Yusmeiro Petit,Pitcher,0,1,690,1
Andy Pettitte,Pitcher,1,4,691,1
Cord Phelps,2nd Base,7,33,692,4
Brandon Phillips,2nd Base,163,580,693,4
Denis Phipps,Center Field,3,10,694,8
Juan Pierre,Left Field,121,394,695,7
A.J. Pierzynski,Catcher,133,479,696,2
Brett Pill,1st Base,22,105,697,3
Manny Pina,Catcher,0,2,698,2
Trevor Plouffe,3rd Base,99,422,699,5
Scott Podsednik,Left Field,60,199,700,7
Placido Polanco,3rd Base,78,303,701,5
A.J. Pollock,Center Field,20,81,702,8
Drew Pomeranz,Pitcher,6,26,703,1
Rick Porcello,Pitcher,0,2,704,1
Buster Posey,Catcher,178,530,705,2
Martin Prado,Left Field,186,617,706,7
Alex Presley,Left Field,82,346,707,7
David Price,Pitcher,0,4,708,1
Jason Pridie,Center Field,3,10,709,8
Jurickson Profar,2nd Base,3,17,710,4
Albert Pujols,1st Base,173,607,711,3
Nick Punto,3rd Base,35,160,712,5
Carlos Quentin,Left Field,74,284,713,7
Jose Quintana,Pitcher,0,3,714,1
Omar Quintanilla,2nd Base,41,169,715,4
Humberto Quintero,Catcher,32,138,716,2
Guillermo Quiroz,Catcher,0,2,717,2
Ryan Raburn,2nd Base,35,205,718,4
Brooks Raley,Pitcher,2,10,719,1
Alexei Ramirez,Shortstop,157,593,720,6
Aramis Ramirez,3rd Base,171,570,721,5
Elvin Ramirez,Pitcher,0,1,722,1
Erasmo Ramirez,Pitcher,0,3,723,1
Hanley Ramirez,3rd Base,155,604,724,5
Cesar Ramos,Pitcher,0,1,725,1
Wilson Ramos,Catcher,22,83,726,2
Cody Ransom,Shortstop,54,246,727,6
Colby Rasmus,Center Field,126,565,728,8
Anthony Recker,Catcher,7,49,729,2
Josh Reddick,Right Field,148,611,730,9
Todd Redmond,Pitcher,0,1,731,1
Nolan Reimold,Left Field,21,67,732,7
Jason Repko,Center Field,1,11,733,8
Chris Resop,Pitcher,0,3,734,1
Ben Revere,Right Field,150,511,735,9
Jose Reyes,Shortstop,184,642,736,6
Mark Reynolds,1st Base,101,457,737,3
Matt Reynolds,Pitcher,0,3,738,1
Will Rhymes,2nd Base,28,123,739,4
Clayton Richard,Pitcher,6,69,740,1
Garrett Richards,Pitcher,0,2,741,1
Alex Rios,Right Field,184,605,742,9
Juan Rivera,1st Base,76,312,743,3
Anthony Rizzo,1st Base,96,337,744,3
Brian Roberts,2nd Base,12,66,745,4
Ryan Roberts,3rd Base,103,439,746,5
Shane Robinson,Center Field,42,166,747,8
Trayvon Robinson,Left Field,32,145,748,7
Alex Rodriguez,3rd Base,126,463,749,5
Aneury Rodriguez,Pitcher,1,1,750,1
Eddy Rodriguez,Catcher,1,5,751,2
Fernando Rodriguez,Pitcher,0,3,752,1
Sean Rodriguez,3rd Base,64,301,753,5
Wandy Rodriguez,Pitcher,4,61,754,1
Josh Roenicke,Pitcher,1,12,755,1
Esmil Rogers,Pitcher,1,3,756,1
Mark Rogers,Pitcher,3,14,757,1
Scott Rolen,3rd Base,72,294,758,5
Jimmy Rollins,Shortstop,158,632,759,6
Ricky Romero,Pitcher,1,5,760,1
Andrew Romine,Shortstop,7,17,761,6
Adam Rosales,2nd Base,22,99,762,4
Wilin Rosario,Catcher,107,396,763,2
B.J. Rosenberg,Pitcher,1,3,764,1
Cody Ross,Right Field,127,476,765,9
David Ross,Catcher,45,176,766,2
Robbie Ross,Pitcher,0,2,767,1
Tyson Ross,Pitcher,0,2,768,1
Vinny Rottino,Left Field,9,61,769,7
Darin Ruf,Left Field,11,33,770,7
Justin Ruggiano,Center Field,90,288,771,8
Carlos Ruiz,Catcher,121,372,772,2
Chris Rusin,Pitcher,2,12,773,1
James Russell,Pitcher,0,1,774,1
Josh Rutledge,Shortstop,76,277,775,6
Brendan Ryan,Shortstop,79,407,776,6
CC Sabathia,Pitcher,0,5,777,1
Fernando Salas,Pitcher,0,1,778,1
Chris Sale,Pitcher,0,2,779,1
Jarrod Saltalamacchia,Catcher,90,405,780,2
Jeff Samardzija,Pitcher,5,50,781,1
Brian Sanches,Pitcher,0,1,782,1
Anibal Sanchez,Pitcher,3,30,783,1
Gaby Sanchez,1st Base,65,299,784,3
Hector Sanchez,Catcher,61,218,785,2
Jonathan Sanchez,Pitcher,0,5,786,1
Pablo Sandoval,3rd Base,112,396,787,5
Jerry Sands,Left Field,4,23,788,7
Carlos Santana,Catcher,128,507,789,2
Ervin Santana,Pitcher,0,4,790,1
Johan Santana,Pitcher,3,35,791,1
Ramon Santiago,2nd Base,47,228,792,4
Omir Santos,Catcher,1,8,793,2
Dave Sappelt,Right Field,19,69,794,9
Joe Saunders,Pitcher,3,35,795,1
Michael Saunders,Center Field,125,507,796,8
Joe Savery,Pitcher,0,2,797,1
Rob Scahill,Pitcher,0,1,798,1
Jordan Schafer,Center Field,66,313,799,8
Logan Schafer,Center Field,7,23,800,8
Max Scherzer,Pitcher,0,2,801,1
Nate Schierholtz,Right Field,62,241,802,9
Konrad Schmidt,Catcher,0,7,803,2
Brian Schneider,Catcher,20,89,804,2
Skip Schumaker,2nd Base,75,272,805,4
Chris Schwinden,Pitcher,1,4,806,1
Luke Scott,1st Base,72,314,807,3
Marco Scutaro,2nd Base,190,620,808,4
Kyle Seager,3rd Base,154,594,809,5
Jean Segura,Shortstop,39,151,810,6
Justin Sellers,Shortstop,9,44,811,6
Ben Sheets,Pitcher,0,13,812,1
James Shields,Pitcher,1,5,813,1
Kelly Shoppach,Catcher,51,219,814,2
Moises Sierra,Right Field,33,147,815,9
Andrelton Simmons,Shortstop,48,166,816,6
Alfredo Simon,Pitcher,0,4,817,1
Tyler Skaggs,Pitcher,0,7,818,1
Seth Smith,Left Field,92,383,819,7
Justin Smoak,1st Base,105,483,820,3
Drew Smyly,Pitcher,0,1,821,1
Travis Snider,Right Field,41,164,822,9
Brandon Snyder,1st Base,18,65,823,3
Chris Snyder,Catcher,39,221,824,2
Eric Sogard,Shortstop,17,102,825,6
Donovan Solano,2nd Base,84,285,826,4
Jhonatan Solano,Catcher,11,35,827,2
Ali Solis,Catcher,0,4,828,2
Alfonso Soriano,Left Field,147,561,829,7
Geovany Soto,Catcher,64,324,830,2
Denard Span,Center Field,146,516,831,8
Nate Spears,Left Field,0,4,832,7
Craig Stammen,Pitcher,0,6,833,1
Giancarlo Stanton,Right Field,130,449,834,9
Tim Stauffer,Pitcher,0,1,835,1
Chris Stewart,Catcher,34,141,836,2
Ian Stewart,3rd Base,36,179,837,5
Josh Stinson,Pitcher,0,1,838,1
Stephen Strasburg,Pitcher,13,47,839,1
Drew Stubbs,Center Field,105,493,840,8
Eric Stults,Pitcher,7,28,841,1
Jeff Suppan,Pitcher,1,10,842,1
Drew Sutton,Left Field,31,122,843,7
Ichiro Suzuki,Right Field,178,629,844,9
Kurt Suzuki,Catcher,96,408,845,2
Anthony Swarzak,Pitcher,0,2,846,1
Ryan Sweeney,Right Field,53,204,847,9
Nick Swisher,Right Field,146,537,848,9
Jose Tabata,Right Field,81,333,849,9
Michael Taylor,Right Field,3,21,850,9
Taylor Teagarden,Catcher,9,57,851,2
Julio Teheran,Pitcher,0,1,852,1
Mark Teixeira,1st Base,113,451,853,3
Ruben Tejada,Shortstop,134,464,854,6
Blake Tekotte,Left Field,2,15,855,7
Eric Thames,Left Field,63,271,856,7
Ryan Theriot,2nd Base,95,352,857,4
Josh Thole,Catcher,75,321,858,2
Clete Thomas,Right Field,4,28,859,9
Jim Thome,1st Base,41,163,860,3
Tyler Thornburg,Pitcher,1,5,861,1
Steven Tolleson,3rd Base,13,71,862,5
Josh Tomlin,Pitcher,2,5,863,1
Yorvit Torrealba,Catcher,44,194,864,2
Andres Torres,Center Field,86,374,865,8
Carlos Torres,Pitcher,2,9,866,1
Chad Tracy,1st Base,25,93,867,3
Matt Treanor,Catcher,18,103,868,2
Carlos Triunfel,Shortstop,5,22,869,6
Mike Trout,Center Field,182,559,870,8
Mark Trumbo,Left Field,146,544,871,7
Troy Tulowitzki,Shortstop,52,181,872,6
Jacob Turner,Pitcher,0,14,873,1
Justin Turner,2nd Base,46,171,874,4
Dan Uggla,2nd Base,115,523,875,4
B.J. Upton,Center Field,141,573,876,8
Justin Upton,Right Field,155,554,877,9
Juan Uribe,3rd Base,31,162,878,5
Chase Utley,2nd Base,77,301,879,4
Luis Valbuena,3rd Base,58,265,880,5
Jordany Valdespin,Left Field,46,191,881,7
Wilson Valdez,Shortstop,40,194,882,6
Danny Valencia,3rd Base,29,154,883,5
Scott Van Slyke,Right Field,9,54,884,9
Jason Vargas,Pitcher,2,5,885,1
Gil Velazquez,3rd Base,13,56,886,5
Will Venable,Right Field,110,417,887,9
Justin Verlander,Pitcher,0,4,888,1
Dayan Viciedo,Left Field,129,505,889,7
Shane Victorino,Center Field,152,595,890,8
Carlos Villanueva,Pitcher,1,2,891,1
Nick Vincent,Pitcher,0,1,892,1
Josh Vitters,3rd Base,12,99,893,5
Omar Vizquel,2nd Base,36,153,894,4
Ryan Vogelsong,Pitcher,5,54,895,1
Stephen Vogt,Catcher,0,25,896,2
Edinson Volquez,Pitcher,4,56,897,1
Chris Volstad,Pitcher,5,28,898,1
Joey Votto,1st Base,126,374,899,3
Adam Wainwright,Pitcher,8,66,900,1
Neil Walker,2nd Base,132,472,901,4
Brett Wallace,1st Base,58,229,902,3
ChienMing Wang,Pitcher,1,6,903,1
Tony Watson,Pitcher,0,1,904,1
Jered Weaver,Pitcher,1,2,905,1
Ryan Webb,Pitcher,0,1,906,1
Jemile Weeks,2nd Base,98,444,907,4
Rickie Weeks,2nd Base,135,588,908,4
Kyle Weiland,Pitcher,0,5,909,1
Casper Wells,Left Field,65,285,910,7
Kip Wells,Pitcher,1,12,911,1
Randy Wells,Pitcher,1,4,912,1
Vernon Wells,Left Field,56,243,913,7
Andrew Werner,Pitcher,1,12,914,1
Jayson Werth,Right Field,90,300,915,9
Jake Westbrook,Pitcher,6,49,916,1
Ryan Wheeler,3rd Base,26,109,917,5
Alex White,Pitcher,5,28,918,1
Eli Whiteside,Catcher,1,11,919,2
Joe Wieland,Pitcher,2,8,920,1
Matt Wieters,Catcher,131,526,921,2
Ty Wigginton,1st Base,74,315,922,3
Jerome Williams,Pitcher,1,4,923,1
Josh Willingham,Left Field,135,519,924,7
Bobby Wilson,Catcher,36,171,925,2
C.J. Wilson,Pitcher,0,5,926,1
Jack Wilson,Shortstop,12,71,927,6
Dewayne Wise,Left Field,58,224,928,7
Randy Wolf,Pitcher,6,40,929,1
Kerry Wood,Pitcher,0,1,930,1
Travis Wood,Pitcher,10,53,931,1
Vance Worley,Pitcher,3,37,932,1
Danny Worth,2nd Base,16,74,933,4
David Wright,3rd Base,178,581,934,5
Jamey Wright,Pitcher,0,2,935,1
Wesley Wright,Pitcher,0,2,936,1
Kevin Youkilis,3rd Base,103,438,937,5
Chris Young,Center Field,75,325,938,8
Delmon Young,Left Field,153,574,939,7
Eric Young,Center Field,55,174,940,8
Matt Young,Left Field,1,10,941,7
Michael Young,1st Base,169,611,942,3
Carlos Zambrano,Pitcher,6,34,943,1
Brad Ziegler,Pitcher,1,4,944,1
Ryan Zimmerman,3rd Base,163,578,945,5
Jordan Zimmermann,Pitcher,11,57,946,1
Barry Zito,Pitcher,4,53,947,1
Ben Zobrist,Right Field,151,560,948,9
